video_id,youtube_category,views,name,state,likes,comment_count
1,Film & Animation,1662159,BTS on The Ellen DeGeneres Show (Full Show) HD,Canada,78245,7317
2,Film & Animation,1680809,Film Theory: How Star Wars Theories KILLED Star Wars: The Last Jedi!,Mexico,82529,25932
3,Film & Animation,1711525,Red Sparrow | Official Trailer [HD] | 20th Century FOX,United States,7716,1155
4,Film & Animation,1711813,Red Sparrow | Official Trailer [HD] | 20th Century FOX,Mexico,7717,1155
5,Film & Animation,1716909,Honest Trailers - Black Panther,Mexico,60724,9547
6,Film & Animation,1734329,???? ??? ????? - ???????? ???? ?????? ????? ???? ??? ????? ?? ?? ??? ????,France,9815,1021
7,Film & Animation,1752375,Justice League - SUPERMAN Return - Superman Memorable Moments [HD],Canada,12964,1961
8,Film & Animation,1767675,Ranbir Kapoor in and as SHAMSHERA | Film Announcement,Canada,35101,2671
9,Film & Animation,1829800,The Flash 4x11 No one Can Bully Barry Even In The Prison || The Flash Scenes,Canada,19899,1453
10,Film & Animation,1831808,Selena Gomez - Back To You (Lyric Video),Mexico,279457,20745
11,Film & Animation,1844039,Hereditary | Official Trailer HD | A24,Canada,13424,1491
12,Film & Animation,1844067,do you know how big my mousepad is?,Japan,150681,9415
13,Film & Animation,1864342,How to Make Life More Interesting,Mexico,159424,61862
14,Film & Animation,1884144,Everything Wrong With Ratatouille In 15 Minutes Or Less,United States,55281,7353
15,Film & Animation,1903786,SPIDERMAN Fights Crime - Real Life Parkour POV,France,9788,356
16,Film & Animation,1931851,Skipping in High School,United States,116455,12018
17,Film & Animation,2108246,Westworld Season 2 | Official Trailer | HBO,Mexico,27678,2677
18,Film & Animation,2110582,Annihilation (2018) - Official Trailer - Paramount Pictures,Mexico,15606,2177
19,Film & Animation,2142891,Film Theory: How To SAVE Jurassic Park (Jurassic World),United States,72620,11349
20,Film & Animation,2247502,The Little Mermaid 2018 - FINAL TRAILER,Canada,50967,3297
21,Film & Animation,2337600,Westworld Season 2 | Official Super Bowl Ad | HBO,Canada,10752,908
22,Film & Animation,2337600,Westworld Season 2 | Official Super Bowl Ad | HBO,France,10753,908
23,Film & Animation,2337600,Westworld Season 2 | Official Super Bowl Ad | HBO,Mexico,10754,908
24,Film & Animation,2337600,Westworld Season 2 | Official Super Bowl Ad | HBO,United States,10752,908
25,Film & Animation,2420770,S?z | 21.B?lüm,France,26900,3621
26,Film & Animation,2480775,Black Panther (2018) T'Challa and Shuri New Suit HD,Canada,33329,1735
27,Film & Animation,2580854,Bucket List (Marathi with English Subtitle) | Official Trailer | Madhuri Dixit Nene | 25th May,Canada,17711,1285
28,Film & Animation,2593398,Lucas the Spider - Giant Spider,France,171090,10330
29,Film & Animation,2593398,Lucas the Spider - Giant Spider,Mexico,171093,10330
30,Film & Animation,2671756,The Greatest Showman | Official Trailer 2 [HD] | 20th Century FOX,Canada,12699,1010
31,Film & Animation,2736733,Everything Wrong With Baby Driver In 14 Minutes Or Less,Canada,58967,7915
32,Film & Animation,2737299,AVENGERS INFINITY WAR Extended Movie Clip Avengers Vs Black Order Fight Scene + Trailer (2018),Canada,38515,3331
33,Film & Animation,2737299,AVENGERS INFINITY WAR Extended Movie Clip Avengers Vs Black Order Fight Scene + Trailer (2018),Mexico,38516,3331
34,Film & Animation,3045684,AVENGERS INFINITY WAR Thor Arrives In Wakanda Fight Scene Trailer (2018) Superhero Movie Trailer HD,Canada,21070,915
35,Film & Animation,3115246,Boney Kapoor's ex-wife Mona Kapoor Funeral,Canada,0,0
36,Film & Animation,3141764,Mary Poppins Returns Official Teaser Trailer,United States,57674,9991
37,Film & Animation,3330473,Boney Kapoor ‘s Ex Wife Funeral,Canada,0,0
38,Film & Animation,3407345,Sabse Badi Hera Pheri 3 (Pandavulu Pandavulu Tummeda) 2017 Full Hindi Dubbed Movie | Vishnu Manchu,Canada,26882,1793
39,Film & Animation,3433818,Honest Trailers - Black Panther,Japan,121442,19094
40,Film & Animation,3518028,Film Theory: Thanos Was RIGHT!! (Avengers Infinity War),Japan,149722,34960
41,Film & Animation,3841044,Rеаl Маdrid vs Livеrрооl 3-1 Аll Goals & Full Нighlights 26/O5/2O18 HD,Canada,17735,2432
42,Film & Animation,3841044,Rеаl Маdrid vs Livеrрооl 3-1 Аll Goals & Full Нighlights 26/O5/2O18 HD,France,17735,2432
43,Film & Animation,3841044,Rеаl Маdrid vs Livеrрооl 3-1 Аll Goals & Full Нighlights 26/O5/2O18 HD,Japan,17735,2432
44,Film & Animation,3896904,Incredibles 2 - Olympics Sneak Peek,Japan,244140,27550
45,Film & Animation,4288892,Pacific Rim Uprising - Official Trailer 2 [HD],France,63413,10808
46,Film & Animation,4427381,Dumbo Official Teaser Trailer,Canada,96391,12726
47,Film & Animation,4427381,Dumbo Official Teaser Trailer,United Kingdom,96391,12726
48,Film & Animation,4427381,Dumbo Official Teaser Trailer,Mexico,96391,12726
49,Film & Animation,4427381,Dumbo Official Teaser Trailer,United States,96391,12726
50,Film & Animation,4539422,Ralph Breaks the Internet: Wreck-It Ralph 2 Official Trailer,Japan,153272,34516
51,Film & Animation,4541657,AVENGERS INFINITY WAR Loki Is DEAD Trailer NEW (2018) Superhero Movie HD,Canada,45925,3776
52,Film & Animation,4629057,Incredibles 2 Official Trailer,Japan,146777,15411
53,Film & Animation,4675626,霸道总裁生病住院，被小护士一瓶五粮液搞定了,Mexico,4256,267
54,Film & Animation,4675996,Red Sparrow | Official Trailer [HD] | 20th Century FOX,United Kingdom,28286,3444
55,Film & Animation,5050121,Kaala (Tamil) - Official Teaser | Rajinikanth | Pa Ranjith | Dhanush | Santhosh Narayanan,Japan,268552,14323
56,Film & Animation,6201167,???? ???? ???????? | Bali Umar Mein Galti | New Hindi Movie 2018,Canada,18914,1710
57,Film & Animation,6201167,???? ???? ???????? | Bali Umar Mein Galti | New Hindi Movie 2018,France,18915,1710
58,Film & Animation,6203687,???? ???? ??? ???? | Bali Umar Mein Galti | New Hindi Movie 2018,Mexico,18920,1710
59,Film & Animation,7232940,Sabse Badhkar Hum 3 (Chinnadana Nee Kosam) 2018 New Released Full Hindi Dubbed Movie | Nithin,Canada,71451,4902
60,Film & Animation,8854762,Dumbo Official Teaser Trailer,Japan,192782,25452
61,Film & Animation,9779219,Deadpool’s “Wet on Wet??Teaser,India,283197,13116
62,Film & Animation,9823890,Deadpool 2: The Final Trailer,France,278353,21968
63,Film & Animation,11867454,Mission: Impossible - Fallout (2018) - Official Trailer - Paramount Pictures,Japan,180728,13078
64,Film & Animation,15969920,Dhadak | Official Trailer | Janhvi & Ishaan | Shashank Khaitan | Karan Johar,France,308382,33624
65,Film & Animation,15969920,Dhadak | Official Trailer | Janhvi & Ishaan | Shashank Khaitan | Karan Johar,Japan,308382,33624
66,Film & Animation,20909308,Deadpool 2 | The Trailer,Japan,601448,38268
67,Film & Animation,1663852,Pagg Di Pooni (Full Video) | Hardeep Grewal | Latest Punjabi Songs 2018 | Vehli Janta Records,Canada,17619,1174
68,Film & Animation,1670638,NAV - Wanted You feat. Lil Uzi Vert (Official Audio),Canada,46666,2595
69,Film & Animation,1675450,Selena Gomez Tearfully Accepts Woman of the Year Award at Billboard's Women in Music 2017,Mexico,59368,4103
70,Film & Animation,1677539,Ishq Da Tara - Gippy Grewal | Subedar Joginder Singh | 6th Apr | New Punjabi Song 2018 | Saga Music,Canada,15597,1010
71,Film & Animation,1685073,Marshmello & Anne-Marie - FRIENDS (Lyric Video) *OFFICIAL FRIENDZONE ANTHEM*,Mexico,184904,13193
72,Film & Animation,1706916,Katie Angel - Rompe La Pista ? [Official Video],Mexico,243159,55405
73,Music,1739543,Liam Payne & J Balvin - Familiar (Official Video),Mexico,223243,14444
74,Music,1766240,Mainu Mangdi: Prabh Gill | Official Video Song | Desi Routz | Frame Singh | Latest Punjabi Songs,Canada,69260,3722
75,Music,1787268,Childish Gambino - This Is America (Live At SNL),Japan,78882,4705
76,Music,1789595,Christina Aguilera - Fall In Line (Official Video) ft. Demi Lovato,Japan,207603,14772
77,Music,1793156,Kidd Keo - IGOT (Shot by Ballve),Mexico,139532,9332
78,Music,1794534,The Chainsmokers - Everybody Hates Me (Audio),Japan,128381,7762
79,Music,1796416,Camila Cabello - Real Friends (Audio),France,219931,17124
80,Music,1797902,Bhagaan Wali: Viraj Sarkaria (Full Song) | Parmish Verma | Preet Hundal | Latest Punjabi Songs 2018,Canada,20525,1110
81,Music,1802470,Nicki Minaj - Barbie Tingz (Music Video Teaser),Canada,75254,5420
82,Music,1802470,Nicki Minaj - Barbie Tingz (Music Video Teaser),Mexico,75254,5420
83,Music,1819170,U23 Chau á 2018: U23 Vi?t Nam - U23 Iraq (Hi?p ph??và Penaty),Canada,4858,1534
84,Music,1859909,Shawn Mendes - Nervous,Mexico,351542,26907
85,Music,1860256,Chootay Maatay - GURI (Full Song) J Star | Satti Dhillon | Latest Punjabi Song 2018 | Geet MP3,Canada,86472,9980
86,Music,1865566,Eminem - Nowhere Fast (Extended/Audio) ft. Kehlani,Canada,154482,13779
87,Music,1867718,Scratch | Gursewak Dhillon | Sukh Sanghera | Official Music Video | Humble Music,Canada,24836,1510
88,Music,1876029,CNCO - Fiesta en Mi Casa (Official Video),Mexico,222644,25486
89,Music,1881489,DIAMOND PLATNUMZ ft OMARION - African Beauty (Clean Version),France,27062,3871
90,Music,1884763,Fall Out Boy - HOLD ME TIGHT OR DON’T,Canada,135815,12752
91,Music,1886337,Yaar Bas Yaar | Harsimran | Desi Crew | Latest Punjabi Song 2018 | Speed Records,Canada,58799,2118
92,Music,1905487,Thirty Seconds To Mars - Walk On Water (Official Music Video),United States,65854,4490
93,Music,1906564,NCT U ??????'Baby Don't Stop' MV,France,322746,30447
94,Music,1906564,NCT U ??? ? 'Baby Don't Stop' MV,Japan,322756,30447
95,Music,1920497,PewDiePie   Hej Monika Remix by Party In Backyard,Mexico,287101,39880
96,Music,1922664,Andrés Cepeda - Te Voy a Amar (Video Oficial) ft. Cali Y El Dandee,Mexico,68637,1656
97,Music,1935896,[MV] AOA _ Bingle Bangle(????),Mexico,131508,11299
98,Music,1945031,Feroz Khan - Naina | Gippy Grewal | Subedar Joginder Singh | 6 Apr | Saga Music | Punjabi Songs 2018,Canada,14299,431
99,Music,1954131,Royce da 5'9 - Boblo Boat ft. J. Cole,France,83806,5636
100,Music,1995712,Bigflo & Oli - Papa ft. Notre père Fabian,Canada,168497,10531
101,Music,2028625,Nicki Minaj - Chun-Li (Live on SNL / 2018),Mexico,129768,14086
102,Music,2030890,Tee Grizzley Win (WSHH Exclusive - Official Music Video),United Kingdom,45008,3533
103,Music,2043101,6IX9INE Billy (WSHH Exclusive - Official Music Video),Japan,128253,15800
104,Music,2063502,BTS (?????) WORLD TOUR LOVE YOURSELF SPOT,Mexico,437437,83784
105,Music,2064702,Lil Peep - 4 GOLD CHAINS ft. Clams Casino (Official Video),France,206811,28155
106,Music,2073405,iKON - ‘??? ??(LOVE SCENARIO)??M/V,Canada,288691,34485
107,Music,2073405,iKON - ‘??? ??(LOVE SCENARIO)??M/V,France,288692,34485
108,Music,2076435,Happy New Year 2018,France,9013,366
109,Music,2086966,Kanak Sunheri (Full Song) Kadir Thind | Laddi Gill | Latest Punjabi Songs 2018,Canada,49275,1560
110,Music,2112785,BIGBANG - ????(Flower Road) (ENG SUB ADDED),Canada,123166,9776
111,Music,2125929,Justin Timberlake - Say Something (Official Video) ft. Chris Stapleton,Mexico,90136,6577
112,Music,2127419,Eminem - Framed,Mexico,216115,27422
113,Music,2169834,Final Internacional 2017 - Red Bull Batalla de los Gallos,Mexico,62939,2711
114,Music,2188523,Aymane Serhani ???? ?????? - HAYAT (Clip Selfie) ????,France,124314,14182
115,Music,2191988,NCT DREAM ?????? 'GO' MV,France,354931,41143
116,Music,2191988,NCT DREAM ??? ?? 'GO' MV,Japan,354932,41143
117,Music,2207015,Gitaz Bindrakhia Doesn't Matter (Full Song) Snappy | Rav Hanjra | Latest Punjabi Songs 2018,Canada,38024,1391
118,Music,2222937,Sam Smith - One Last Song (Official Video),France,132072,5870
119,Music,2248202,NCT 127 'Chain' MV,France,401604,39586
120,Music,2248202,NCT 127 'Chain' MV,Japan,401607,39586
121,Music,2255227,Red Velvet ???刺 '?S? (Peek-A-Boo)' Teaser Part.1,United Kingdom,144085,12074
122,Music,2263853,Jonas Blue - Rise ft. Jack & Jack,Canada,77746,1300
123,Music,2284430,XXXTENTACION - changes,Mexico,234840,25886
124,Music,2320713,Jeeeju | Miss Pooja Ft Harish Verma  | G Guri | Latest Punjabi Song 2017 | Speed Records,Mexico,59708,1962
125,Music,2327771,6IX9INE Tati Feat. DJ SpinKing (WSHH Exclusive - Official Music Video),Japan,204154,28604
126,Music,2331335,ZAYN - Entertainer (Official Video),Japan,270716,22329
127,Music,2362255,Marshmello & Anne-Marie - FRIENDS (Music Video) *OFFICIAL FRIENDZONE ANTHEM*,Japan,238099,21070
128,Music,2376410,Nicki Minaj - Chun-Li (Music Video),Mexico,151631,15077
129,Music,2384801,BTS (?????) '????' #2018BTSFESTA,Japan,416032,38992
130,Music,2384801,BTS (?????) '????' #2018BTSFESTA,Mexico,416032,38992
131,Music,2437182,Soniye Dil Nayi Video Song | Baaghi 2 | Tiger Shroff | Disha Patani | Ankit Tiwari |Shruti Pathak,Canada,51990,2080
132,Music,2448996,Jazzy B - Bamb Gaana (Full Video) Ft. Harj Nagra & Fateh | Latest Punjabi Songs 2017,Mexico,52864,3832
133,Music,2453031,CNCO - Bonita (Official Video),Mexico,242100,22547
134,Music,2455067,Maroon 5 - Wait,Japan,197042,11350
135,Music,2482255,Nacho - No Te Vas,Mexico,81616,4119
136,Music,2494133,Dabka (Full Video) | Harsimran feat Firoza Khan | Latest Punjabi Song 2018 | Speed Records,Canada,50958,1648
137,Music,2529472,Changey Din | Kambi | Sukh E | Sukh Sanghera | Latest Punjabi Song 2017 | Speed Records,Mexico,56054,3584
138,Music,2530830,Shawn Mendes - Youth (Lyric Video) ft. Khalid,France,467219,31953
139,Music,2530830,Shawn Mendes - Youth (Lyric Video) ft. Khalid,Mexico,467228,31953
140,Music,2539701,Maluma - X (The Film),Canada,163807,10643
141,Music,2547874,Tacos Altos - Arcangel X Noriel X Farruko X Bryant Myers X Alex Gargolas,Mexico,45023,1482
142,Music,2561978,Lil Pump - i Shyne (Prod. Carnage) (Official Audio),France,265390,35145
143,Music,2561978,Lil Pump - i Shyne (Prod. Carnage) (Official Audio),Mexico,265396,35145
144,Music,2581024,Happy Raikoti : TOP TOP (Full Song) Laadi Gill | New Songs 2018 | White Hill Music,Canada,35023,1585
145,Music,2618268,Kinna Pyaar - Mannat Noor | Ammy Virk - HARJEETA | Punjabi Songs 2018 | Lokdhun,Canada,96179,1741
146,Music,2618344,OK Go - Obsession - Official Video,France,45197,3332
147,Music,2642512,Future - No Shame (Future feat. PARTYNEXTDOOR) ft. PARTYNEXTDOOR,United Kingdom,57446,3191
148,Music,2642930,G-Eazy - The Plan (Official Video),Canada,115795,6410
149,Music,2665424,RiceGum - Naughty or Nice (Official Music Video) (Christmas Song),Mexico,372260,65868
150,Music,2683860,Drake & Lil Baby Pikachu (WSHH Exclusive - Official Audio),Canada,130383,8365
151,Music,2690715,BíCH PH??NG - Bùa Yêu (Official M/V),Japan,110636,18073
152,Music,2703200,Gussa - Official Music Video | BIG Dhillon Feat. Niti Taylor,Canada,77931,3585
153,Music,2735905,Sensual Inspiration - Jowell Y Randy X Farruko,Mexico,40814,1910
154,Music,2744134,LAUGHING AT: KARIUS,France,159327,19833
155,Music,2770111,Drake   Im Upset,Canada,118307,13519
156,Music,2770111,Drake   Im Upset,France,118307,13519
157,Music,2770111,Drake   Im Upset,United Kingdom,118307,13519
158,Music,2786252,Jaden Smith - Icon (Remix) ft. Nicky Jam (Official Video),France,123576,7650
159,Music,2827100,[MV] SUNMI (??) _ Heroine (????,Canada,242375,14970
160,Music,2827100,[MV] SUNMI (??) _ Heroine (????,France,242377,14970
161,Music,2844996,NCT U ??? ? 'BOSS' MV,Japan,429401,65178
162,Music,2844996,NCT U ??? ? 'BOSS' MV,Mexico,429407,65178
163,Music,2844996,NCT U ??????'BOSS' MV,France,429391,65178
164,Music,2896595,Espinoza Paz - Que te lo crea tu madre ( Video oficial),Mexico,5841,293
165,Music,2929323,J. Cole x Lil Pump Interview at The Sheltuh,France,146008,31474
166,Music,2929323,J. Cole x Lil Pump Interview at The Sheltuh,Mexico,146014,31474
167,Music,2942269,G.C.F in Osaka,Canada,688754,61516
168,Music,2942269,G.C.F in Osaka,France,688754,61516
169,Music,2951703,BTS (?????) - Anpanman @BTS COMEBACK SHOW,Mexico,488444,26667
170,Music,3008740,Camila Cabello - Never Be the Same,Japan,402840,35006
171,Music,3018846,J. Cole - ATM,Mexico,198277,19540
172,Music,3070517,20 Saal (Full Video) | Kambi | Sukh - E (Muzical Doctorz) | Latest Punjabi Song 2018 | Speed Records,France,157850,28446
173,Music,3086615,WINNER - ‘EVERYDAY??M/V,Canada,340356,34030
174,Music,3086615,WINNER - ‘EVERYDAY??M/V,France,340359,34030
175,Music,3086615,WINNER - ‘EVERYDAY’ M/V,Japan,340360,34030
176,Music,3095476,BHAD BHABIE feat. Lil Yachty - Gucci Flip Flops (Official Music Video) | Danielle Bregoli,Mexico,218774,24018
177,Music,3120952,Ozuna - U?nica (Video Oficial) ?? A U R A,France,214632,12092
178,Music,3128050,Wanna One (???) - '?? (Light)' M/V,Japan,378199,43731
179,Music,3148043,BTS (?????? - Airplane pt.2 @BTS COMEBACK SHOW,France,460016,26352
180,Music,3164460,Changey Din | Kambi | Sukh E | Sukh Sanghera | Latest Punjabi Song 2017 | Speed Records,Canada,64815,3928
181,Music,3239540,JASON DERULO - COLORS (Coca-Cola Anthem for the 2018 FIFA World Cup) Official Lyric Video,Canada,105468,5214
182,Music,3248447,6IX9INE Feat. Fetty Wap & A Boogie “KEKE??(WSHH Exclusive - Official Music Video),France,160932,18551
183,Music,3310623,A$AP Rocky - Praise The Lord (Da Shine) (Audio) ft. Skepta,Mexico,73687,2624
184,Music,3316632,SHINee ????'????? (Good Evening)' MV,Canada,548042,51141
185,Music,3316632,SHINee ????'????? (Good Evening)' MV,France,548042,51141
186,Music,3316632,SHINee ??? '??? ? (Good Evening)' MV,Mexico,548053,51141
187,Music,3335132,Ленинград ??Не Париж,France,128674,9913
188,Music,3339872,Ep7 Best Of Me | BTS: Burn the Stage,United Kingdom,49442,3490
189,Music,3406370,Diplo - Color Blind (feat. Lil Xan) (Official Music Video),Canada,175956,11649
190,Music,3407008,Marshmello - You & Me (Official Music Video),United Kingdom,207262,13279
191,Music,3418879,TWICE Heart Shaker M/V TEASER,Canada,182993,22956
192,Music,3422670,Drake & Lil Baby Yes Indeed (Pikachu) (WSHH Exclusive - Official Audio),Canada,145857,9216
193,Music,3457730,Ozuna X Ele A El Dominio  - Balenciaga ( Video Oficial ),Canada,241459,16802
194,Music,3483755,BTS (?????? 'MIC Drop (Steve Aoki Remix)' Official Teaser,Canada,789764,72376
195,Music,3483755,BTS (?????? 'MIC Drop (Steve Aoki Remix)' Official Teaser,France,789767,72376
196,Music,3483755,BTS (?????) 'MIC Drop (Steve Aoki Remix)' Official Teaser,Mexico,789780,72376
197,Music,3499070,J. Cole - Kevin's Heart,Japan,238616,17254
198,Music,3499070,J. Cole - Kevin's Heart,Mexico,238617,17254
199,Music,3537505,Céline Dion - Ashes (from the Deadpool 2 Motion Picture Soundtrack),Japan,120240,9908
200,Music,3539843,Fifth Harmony - Don't Say You Love Me,Canada,384534,38249
201,Music,3601720,Imagine Dragons - Next To Me,France,244649,18800
202,Music,3602171,Imagine Dragons - Next To Me,Mexico,244654,18800
203,Music,3607555,Maroon 5 - Three Little Birds,France,208216,14450
204,Music,3607555,Maroon 5 - Three Little Birds,Mexico,208216,14450
205,Music,3615115,Janelle Monáe - PYNK [Official Video],Canada,96290,11279
206,Music,3641908,Dhruva Natchathiram - Official Teaser | Chiyaan Vikram | Gautham Vasudev Menon | Harris Jayaraj,France,167834,9163
207,Music,3679229,Thaanaa Serndha Koottam Official Tamil Teaser | Suriya | Anirudh l Vignesh ShivN,Canada,294626,18880
208,Music,3746919,OrelSan - La pluie (feat. Stromae) [CLIP OFFICIEL],Canada,191045,9942
209,Music,3782389,GHALI - Cara Italia (Prod. Charlie Charles),France,206299,17273
210,Music,3834729,Bad Bunny - Amorfoda | Video Oficial,France,544514,38215
211,Music,3929195,[MV] GFRIEND(????) _ Time for the moon night(??,Canada,143146,27972
212,Music,3934084,The Chainsmokers - You Owe Me,Japan,219005,15846
213,Music,3966223,Cali Y El Dandee - Sirena,Mexico,46784,1633
214,Music,3971347,Wanna One (???) - '???? (I.P.U.)' M/V l Special Theme Track,Japan,445351,49991
215,Music,3974840,Wanna One (???) - 'BOOMERANG (???)' M/V,Japan,435991,55964
216,Music,3985008,Cardi B - Be Careful [Official Video],Mexico,296918,29827
217,Music,4196932,[CHOREOGRAPHY] BTS (?????? 'FAKE LOVE' Dance Practice,Canada,845029,56047
218,Music,4196932,[CHOREOGRAPHY] BTS (?????? 'FAKE LOVE' Dance Practice,France,845046,56047
219,Music,4196932,[CHOREOGRAPHY] BTS (?????) 'FAKE LOVE' Dance Practice,Mexico,845046,56047
220,Music,4222559,Aaj Se Teri | Padman | Akshay Kumar & Radhika Apte | Arijit Singh | Amit Trivedi,Canada,92092,5512
221,Music,4285299,JONGHYUN ?? '?? ??(Shinin??' MV,Canada,827162,104986
222,Music,4321512,Shawn Mendes In My Blood (Audio),France,598031,54873
223,Music,4321512,Shawn Mendes In My Blood (Audio),United States,598021,54873
224,Music,4325734,Ae Watan | Raazi | Alia Bhatt | Arijit Singh | Shankar Ehsaan Loy | Gulzar,Canada,42246,3417
225,Music,4340962,Red Velvet ???? '??? (Peek-A-Boo)' MV,France,396800,41890
226,Music,4465627,Padmaavat: Khalibali - Ranveer Singh | Deepika Padukone | Shahid Kapoor | Shivam Pathak,France,136146,12094
227,Music,4482030,Reykon - Mala (Video Oficial),Mexico,22708,1227
228,Music,4569886,Drake - God's Plan (Official Music Video),France,380248,33602
229,Music,4569886,Drake - God's Plan (Official Music Video),Japan,380253,33602
230,Music,4569886,Drake - God's Plan (Official Music Video),Mexico,380258,33602
231,Music,4586935,MANKIRT AULAKH - DARU BAND (Official Song) | Latest Punjabi Songs 2018 | Speed Records,Canada,131732,7179
232,Music,4688285,Gaddi Ch Yaar (Full Song) Kamal Khaira Feat. Parmish Verma | Latest Punjabi Songs 2018 | 20 Music,Canada,109646,6339
233,Music,4745702,Филипп Киркоров - Цвет настроения синий,France,233512,21797
234,Music,4753667,Marshmello & Anne-Marie - FRIENDS [Alternative Music Video],Japan,158784,5351
235,Music,4787890,Marshmello - FLY (Official Music Video),Canada,253419,30077
236,Music,4834039,Gora Rang Gurnam Bhullar | Full Song | Latest Punjabi Song 2018  White Hill Music | New Punjabi Song,Canada,72531,3010
237,Music,4852789,Sanju: Kar Har Maidaan Fateh | Ranbir Kapoor | Rajkumar Hirani | Sukhwinder Singh | Shreya Ghoshal,France,174930,13464
238,Music,4852789,Sanju: Kar Har Maidaan Fateh | Ranbir Kapoor | Rajkumar Hirani | Sukhwinder Singh | Shreya Ghoshal,Japan,174930,13464
239,Music,5146854,Maluma - Ojos Que No Ven (Audio),Mexico,191114,6042
240,Music,5177927,Eminem - River ft. Ed Sheeran,Mexico,551989,44423
241,Music,5230482,Desafio Da Ponte,France,21311,1199
242,Music,5275672,j-hope 'Airplane' MV,France,1401947,158127
243,Music,5275672,j-hope 'Airplane' MV,Mexico,1401969,158127
244,Music,5414519,Justin Timberlake - Pepsi Super Bowl LII Halftime Show,Canada,116018,9728
245,Music,5450008,Nicki Minaj - Barbie Tingz (Lyric Video),Mexico,292382,29626
246,Music,5476737,Camila Cabello - Havana (Vertical Video) ft. Young Thug,United States,286268,12254
247,Music,5659320,Tochan (Full Video) | SIDHU MOOSEWALA | BYG BYRD | SONIA MAAN | Humble Music,France,112533,10480
248,Music,5718766,Daang ( Full Video ) | Mankirt Aulakh | Sukh Sanghera | Latest Punjabi Song 2017 | Speed Records,Canada,127477,8063
249,Music,5718766,Daang ( Full Video ) | Mankirt Aulakh | Sukh Sanghera | Latest Punjabi Song 2017 | Speed Records,India,127477,8063
250,Music,5797538,Romeo Santos - Sobredosis (Official Video) ft. Ozuna,France,62414,2657
251,Music,5884233,BTS (?????) 'FAKE LOVE' Official MV (Extended ver.),Mexico,1437903,134721
252,Music,5903406,BTS (?????) - Anpanman @BTS COMEBACK SHOW,Japan,976888,53334
253,Music,6037692,J. Cole - ATM,Japan,396548,39080
254,Music,6416697,BTS (?????? 'FAKE LOVE' Official Teaser 2,Canada,1290535,113938
255,Music,6416697,BTS (?????? 'FAKE LOVE' Official Teaser 2,France,1290535,113938
256,Music,6416697,BTS (?????) 'FAKE LOVE' Official Teaser 2,Mexico,1290535,113938
257,Music,6520083,Erupcion del Volcan de Fuego en Guatemala,Mexico,27643,6299
258,Music,6633264,SHINee ??? '??? ? (Good Evening)' MV,Japan,1096106,102282
259,Music,6826314,Sanu Ek Pal Chain Video | Raid | Ajay Devgn | Ileana D'Cruz| Tanishk B Rahat Fateh Ali Khan Manoj M,Canada,93340,3780
260,Music,6841274,Chambea - Bad Bunny | Video Oficial,Canada,344443,30811
261,Music,6980930,Gorillaz - Humility (Official Video),Japan,675072,72164
262,Music,7082866,Theher Ja | October | Varun Dhawan & Banita Sandhu | Armaan Malik | Abhishek Arora | Abhiruchi Chand,Canada,52388,3795
263,Music,7097427,Anitta & J Balvin - Downtown | Official Music Video,Mexico,525899,45341
264,Music,7196335,Akhil | Akh Lagdi (Official Video) | Desi Routz | Tru Makers | Latest Punjabi Song 2018,Canada,205104,7314
265,Music,7518990,BTS (?????? 'Euphoria : Theme of LOVE YOURSELF ??Wonder',Canada,1573023,180262
266,Music,7518990,BTS (?????? 'Euphoria : Theme of LOVE YOURSELF ??Wonder',France,1573030,180262
267,Music,7518990,BTS (?????) 'Euphoria : Theme of LOVE YOURSELF 起 Wonder',Mexico,1573066,180267
268,Music,8131249,Dil Diyan Gallan Song | Tiger Zinda Hai | Salman Khan | Katrina Kaif,Canada,343144,29833
269,Music,8393864,[CHOREOGRAPHY] BTS (?????) 'FAKE LOVE' Dance Practice,Japan,1690092,112094
270,Music,8437743,Bad Bunny - Si Te Acuerdas | Video Oficial,Canada,715068,42652
271,Music,8478721,Coachella 2018 LIVE Channel 1  (CA),Canada,226862,22284
272,Music,9087502,Raid | Official Trailer | Ajay Devgn | Ileana D'Cruz | Rajkumar Gupta | 16th March,Canada,168168,8955
273,Music,9087502,Raid | Official Trailer | Ajay Devgn | Ileana D'Cruz | Rajkumar Gupta | 16th March,France,168169,8955
274,Music,9120065,Gaddi Ch Yaar (Full Song) Kamal Khaira & Parmish Verma | Latest Punjabi Songs 2018 | 20 Music,Canada,141090,7574
275,Music,9528846,Drake - God’s Plan,Japan,912446,66263
276,Music,9632678,Harry Styles - Kiwi,United States,810895,59473
277,Music,9743210,Amrit Maan Ft Dj Flow | Peg Di Washna ( Full Video)  | Himanshi Khurana | Latest Punjabi Song 2017,Canada,149022,6328
278,Music,10578423,Kareja (Kare Ja) - Official Full Song  | Badshah Feat. Aastha Gill | Latest Hit 2018,Mexico,79374,2654
279,Music,10589122,Nicki Minaj - Chun-Li,Japan,695321,84310
280,Music,10666323,BTS (?????) LOVE YOURSELF D Tear 'Singularity' Comeback Trailer,Mexico,1956282,285604
281,Music,10695328,j-hope 'Daydream (???)' MV,Japan,2050596,387397
282,Music,10695328,j-hope 'Daydream (???)' MV,Mexico,2050610,387403
283,Music,11028219,TWICE Heart Shaker M/V,Mexico,652353,105484
284,Music,11164916,Official Trailer: Hate Story IV | Urvashi Rautela | Vivan Bhathena | Karan Wahi | IhanaVISHAL PANDYA,Canada,133957,10868
285,Music,11164916,Official Trailer: Hate Story IV | Urvashi Rautela | Vivan Bhathena | Karan Wahi | IhanaVISHAL PANDYA,France,133959,10868
286,Music,11188755,ZAYN - Let Me (Official Video),Mexico,799903,66115
287,Music,11768466,BTS (?????) 'FAKE LOVE' Official MV (Extended ver.),Japan,2875806,269442
288,Music,11815216,Ed Sheeran - Happier (Official Video),Japan,1128434,70322
289,Music,11991672,Natti Natasha ?? Bad Bunny - Amantes de Una Noche ???? ????  [Official Video],Canada,412821,24750
290,Music,12159067,Dura - Daddy Yankee (Video Oficial),France,316948,20973
291,Music,12229386,?? ???? ?? ????????????????| SUHAAGRAAT KI RAT | Suhagrat With Sardar | Heart Toching Story,Canada,30006,1825
292,Music,12833394,BTS (?????) 'FAKE LOVE' Official Teaser 2,Japan,2581070,227876
293,Music,13517404,Baaghi 2: Ek Do Teen Song | Jacqueline Fernandez |Tiger Shroff | Disha P| Ahmed K | Sajid Nadiadwala,France,218256,18562
294,Music,15037980,BTS (?????) 'Euphoria : Theme of LOVE YOURSELF 起 Wonder',Japan,3146103,360529
295,Music,15210790,MANKIRT AULAKH - DARU BAND (Official Video) | Latest Punjabi Songs 2018,Canada,302601,16715
296,Music,15484992,Patola Lyrical Video | Blackmail | Irrfan Khan & Kirti Kulhari | Guru Randhawa,Canada,104253,7543
297,Music,16482187,Official Trailer: Hate Story IV | Urvashi Rautela | Vivan B | Karan Wahi | Vishal Pandya | T-Series,Canada,165253,12967
298,Music,16818378,Karol G - Mi Cama,Canada,212091,10674
299,Music,17090129,G-Eazy & Halsey - Him & I (with Halsey) (Official Video),United Kingdom,595365,24662
300,Music,17158579,Eminem - Walk On Water (Audio) ft. Beyoncé,France,787425,125882
301,Music,20409647,Live It Up (Official Video) - Nicky Jam feat. Will Smith & Era Istrefi (2018 FIFA World Cup Russia),United Kingdom,568680,64390
302,Music,23869973,Prince Royce - El Clavo (Official Video),Canada,163626,7144
303,Music,28342174,Childish Gambino - This Is America (Official Video),Japan,1603787,162312
304,Music,30686233,Nicky Jam x J. Balvin - X (EQUIS) | Video Oficial,United Kingdom,304506,13903
305,Music,31747546,Ariana Grande - No Tears Left To Cry,Japan,2773349,283248
306,Music,31791115,Brytiago X Darell - Asesina ??,France,299378,7693
307,Music,33523622,Ed Sheeran - Perfect (Official Music Video),France,1634134,85067
308,Music,37597115,Ozuna x Romeo Santos - El Farsante Remix,Canada,769384,40118
309,Music,40567774,Nicky Jam x J. Balvin - X (EQUIS) | Video Oficial | Prod. Afro Bros & Jeon,France,448371,19908
310,Music,251185560,BTS (?????) 'FAKE LOVE' Official MV,Japan,17883692,3623700
311,Music,1659650,Nuevas Act II listas para todo. ?Que nadie te las gane!,Mexico,2957,114
312,Music,1661515,Quer saborear uma deliciosa lasanha e acaba surpreendido por gar?onetes sem cal?as,Mexico,12313,641
313,Music,1663313,Ananda Vikatan Cinema Awards 2017 | Part 16,France,38747,2123
314,Music,1665245,Nhanh Nh? Ch?p | T?p 8 Full: Lê Giang ??i Náo Nhanh Nh? Ch?p Khi?n Tr??ng Giang Mu?n B??Ngh??MC,Canada,8308,2987
315,Music,1665678,The Voice 2018 - Stephanie Skipper Blind Audition: Piece By Piece (Sneak Peek),United States,22225,1325
316,Music,1667531,La misteriosa risa de Alexa,Mexico,122972,21695
317,Music,1668576,R.I.P. The Internet,France,32948,3910
318,Music,1668576,R.I.P. The Internet,Mexico,32951,3910
319,Music,1671163,The Kids From Florida Aren't Acting,Canada,32391,4395
320,Music,1671163,The Kids From Florida Aren't Acting,Japan,32393,4395
321,Music,1671755,HTV VI? YêU MA? ?ê?N | Ca s? Tu?n kh??ng b?t ng????n t??tình Trà Ng?c | VYMD #16 FULL | 28/12/2017,Canada,8868,3070
322,Music,1671864,Sarah Huckabee Sanders Explains Why Trump Isn't Racist,Canada,24359,2197
323,Music,1671864,Sarah Huckabee Sanders Explains Why Trump Isn't Racist,France,24359,2197
324,Music,1672290,Trump Scolds Sarah Huckabee Sanders For... Being Honest,Canada,22084,2204
325,Music,1675419,Weekend Update on Senator Al Franken - SNL,Mexico,12798,1625
326,Music,1675419,Weekend Update on Senator Al Franken - SNL,United States,12798,1625
327,Music,1676173,Sen Anlat Karadeniz 5. B?lüm 2. Fragman?,France,35554,3672
328,Music,1688603,THIS MAN SHOULD'VE BEEN IN YOUTUBE REWIND.,Mexico,138006,13444
329,Music,1689003,PRODUCE48 [????] ????48_???(PICK ME) Performance 180615 EP.0,Japan,85151,17173
330,Music,1696551,Oprah Shocks Superfan Tiffany Haddish,United States,48689,2195
331,Music,1696948,2017 YouTube Rewind Rant! (Diss Track?),Canada,196533,56255
332,Music,1696948,2017 YouTube Rewind Rant! (Diss Track?),Mexico,196554,56270
333,Music,1697106,Entrevista com Whindersson Nunes | The Noite (19/03/18),Canada,166768,4829
334,Music,1697140,Trump Walks Back His Roy Moore Endorsement,Canada,27878,2027
335,Music,1697140,Trump Walks Back His Roy Moore Endorsement,France,27878,2027
336,Music,1697140,Trump Walks Back His Roy Moore Endorsement,Mexico,27878,2027
337,Music,1698159,Nh? Ph??ng Khóc S?ng C? M?t Tr??c Vi?c Nam Em C?ng Khai Yêu Tr??ng Giang,Japan,3077,1076
338,Music,1700526,Camila Cabello Heats Up the Stage with 'Havana',Canada,103579,4792
339,Music,1700526,Camila Cabello Heats Up the Stage with 'Havana',France,103578,4792
340,Music,1700526,Camila Cabello Heats Up the Stage with 'Havana',United Kingdom,103577,4792
341,Music,1700526,Camila Cabello Heats Up the Stage with 'Havana',Mexico,103582,4792
342,Music,1701612,The 'Sh*thole Countries' Have One Thing Going For Them,France,25066,3510
343,Music,1701612,The 'Sh*thole Countries' Have One Thing Going For Them,Mexico,25067,3510
344,Music,1701860,高ドリアンをそのままジュ`スにしようとしたら臭すぎて倒れかけた。,Japan,28475,5874
345,Music,1703136,????? ??? ??????  ?????? 13 ??????? ??? HD | ????? ???? ????? -  Episode 13  Nesr El Sa3ed,France,16688,1560
346,Music,1706102,VERSUS #9 (сезон IV): Guf VS Птаха,Canada,144574,32099
347,Music,1706102,VERSUS #9 (сезон IV): Guf VS Птаха,France,144585,32099
348,Music,1707746,SIDEMEN: THE MOVIE (Official Trailer),France,171839,19271
349,Music,1707746,SIDEMEN: THE MOVIE (Official Trailer),Mexico,171845,19271
350,Music,1726146,Lust Stories | Official Trailer [HD] | Netflix,Canada,22695,1392
351,Music,1728864,Trump Wants More Guns In Schools,Japan,29795,7771
352,Music,1746958,Trump Says Giuliani Will 'Get His Facts Straight',Canada,18987,2077
353,Music,1746958,Trump Says Giuliani Will 'Get His Facts Straight',France,18987,2077
354,Music,1746958,Trump Says Giuliani Will 'Get His Facts Straight',Japan,18987,2077
355,Music,1755092,Logan Paul's Brother Roasted me On LIVE RADIO,Mexico,226073,27168
356,Music,1756608,Conan & Jordan Schlansky’s Italian Road Trip,United States,36770,2549
357,Music,1764525,FORTNITE The Movie (Official Fake Trailer),France,153280,10058
358,Music,1764525,FORTNITE The Movie (Official Fake Trailer),Japan,153280,10058
359,Music,1764525,FORTNITE The Movie (Official Fake Trailer),Mexico,153280,10058
360,Music,1775119,Trump Doctor Press Conference Cold Open - SNL,Mexico,14394,1817
361,Music,1780097,????? ???? | ?????? ??????? ? ??????? | Rahim Episode 28,France,11288,1946
362,Music,1781966,John Oliver Warns Meghan Markle What She's Getting Herself Into,Canada,24139,1683
363,Music,1781966,John Oliver Warns Meghan Markle What She's Getting Herself Into,France,24139,1683
364,Music,1781966,John Oliver Warns Meghan Markle What She's Getting Herself Into,Mexico,24141,1683
365,Music,1781966,John Oliver Warns Meghan Markle What She's Getting Herself Into,United States,24138,1683
366,Music,1785488,Kim & Kanye's INCREDIBLE Fast Money! | Celebrity Family Feud,Mexico,25847,2915
367,Music,1813229,James Corden Explains His Resting Royal Wedding Face,France,31802,986
368,Music,1813229,James Corden Explains His Resting Royal Wedding Face,Mexico,31807,986
369,Music,1821772,?????? ??????? ??????? ????? ??? ?????? ????,France,16241,1802
370,Music,1822519,Reacting to My First Video (try not to cringe compilation),Canada,105066,12439
371,Music,1831006,??????????? ?????? ???????? ?????? ??? || Bavvalu Sayya || New Latest Telugu Short FIlm,Mexico,1435,237
372,Music,1831293,Rudy Giuliani Made 'Hannity' Watchable,France,21615,2878
373,Entertainment,1832062,Un video revelado de la RED ROOM,Mexico,115234,16574
374,Entertainment,1835070,WWE RAW 19th March 2018 - Brock Lesnar dismantles handcuffed Roman Reigns,Mexico,15355,2782
375,Entertainment,1838504,Brad Pitt Bid $120k For A Night With Emilia Clarke!  | The Graham Norton Show,France,20998,1446
376,Entertainment,1838504,Brad Pitt Bid $120k For A Night With Emilia Clarke!  | The Graham Norton Show,Mexico,20998,1446
377,Entertainment,1840162,Match the Job to the Person | Lineup | Cut,Canada,50586,2288
378,Entertainment,1842393,Will It Watermarble?! Sister Edition | Watermarbling 9 random objects in nail polish!,Canada,99086,11800
379,Entertainment,1842639,Harry Styles to the Rescue!,France,105961,3483
380,Entertainment,1844012,Real Life Heroes [ Good people ] part 6,Canada,22094,772
381,Entertainment,1850242,Donald Glover on This is America Music Video,France,41514,1951
382,Entertainment,1852675,Macaulay Culkin Reflects on the Most '90s Photo You've Ever Seen,France,41343,2832
383,Entertainment,1853463,LIKE A BOSS,France,18717,964
384,Entertainment,1853468,Macaulay Culkin Reflects on the Most '90s Photo You've Ever Seen,Mexico,41344,2832
385,Entertainment,1856807,JURASSIC WORLD 2: El Reino Caído Trailer Espa?ol (2018),Mexico,32774,13
386,Entertainment,1883789,Sen Anlat Karadeniz 15. B?lüm 2. Fragman?,France,32756,5187
387,Entertainment,1884455,35 Genius Ideas!,Mexico,3461,241
388,Entertainment,1891151,Cómeme el Donut C Glitch Gyals  en Factor X | Mediaset,Mexico,43837,2394
389,Entertainment,1892808,ESTE VIDEO TE ALEGRARA EL DIA!,Mexico,197524,20185
390,Entertainment,1895958,Wwe Raw 25 Dec 2017 Full Highlights,Mexico,10194,0
391,Entertainment,1912737,Kanye West Played 'Connect 4' During His Daughter's Delivery,France,32162,1425
392,Entertainment,1912737,Kanye West Played 'Connect 4' During His Daughter's Delivery,United States,32162,1425
393,Entertainment,1914155,Anderson Cooper White House Turmoil Cold Open - SNL,Mexico,13862,1024
394,Entertainment,1915013,MY PARENTS DO MY MAKEUP,Canada,180913,25891
395,Entertainment,1921088,????? ??? ?????? HD | ????? ???? ????? - ?????? 3 - Episode 03  Nesr El Sa3ed,France,15166,1078
396,Entertainment,1927655,Guillermo at the Oscars,Canada,45797,2264
397,Entertainment,1927655,Guillermo at the Oscars,France,45797,2264
398,Entertainment,1933484,Shawn Mendes Destroys James In a Cover Battle #LateLateShawn,Canada,129758,2854
399,Entertainment,1936667,why did Boney Kapoor come to Mumbai? Why Sridevi Was Closed in Hotel Room,France,3681,345
400,Entertainment,1940201,Jodie Foster and Jennifer Lawrence Present the Oscar 2018 Best Actress Nominees,Japan,13787,1051
401,Entertainment,1940386,Rihanna Had This to Say About Anne Hathaway's Body,Canada,45183,1126
402,Entertainment,1951981,It's Time To Stop Ajit Pai,France,225439,27999
403,Entertainment,1959466,AVENGERS INFINITY WAR Super Bowl Trailer (2018),France,25338,1807
404,Entertainment,1959696,I WON MOST HANDSOME 2017!,Mexico,230201,16369
405,Entertainment,1960047,It's Time To Stop Ajit Pai,Mexico,225448,27999
406,Entertainment,1963377,Stephen Breaks Down Sam Nunberg's Breakdown,Canada,26073,2549
407,Entertainment,1968329,Celebs Who Can't Stand Ellen DeGeneres,Canada,11608,2831
408,Entertainment,1983714,SIDEMEN GIANT FOOTBALL DARTS,France,94206,2883
409,Entertainment,1983714,SIDEMEN GIANT FOOTBALL DARTS,Mexico,94208,2883
410,Entertainment,1984825,50+ Times People Proved They Were Right In The Best Possible Way,Canada,13497,1608
411,Entertainment,1986900,990 TL P?ZZA YAPTIK #BunaDe?erMi,France,110585,35315
412,Entertainment,1996243,AVENGERS 4: ENDGAME (2019) Teaser Trailer Concept - Captain Marvel [Fan Made],Mexico,13841,1328
413,Entertainment,1996556,Stormy Daniels' '60 Minutes' Ratings Beat Trump's,France,21508,2166
414,Entertainment,1996556,Stormy Daniels' '60 Minutes' Ratings Beat Trump's,Mexico,21508,2166
415,Entertainment,1997799,????? ??? ?????? ?????????? ???? ??? ??? ????? ???????? ? ??????? ???,France,19922,2908
416,Entertainment,1998199,Fox & Friends Cold Open - SNL,Mexico,17449,3149
417,Entertainment,2002355,Can A President Pardon Himself?,Canada,23217,2784
418,Entertainment,2015458,[EXID(??????)] ????LADY) ?? ????(Official Music Video),Canada,220362,16034
419,Entertainment,2015458,[EXID(??????)] ????LADY) ?? ????(Official Music Video),France,220362,16034
420,Entertainment,2016536,YouTube Sent Me The Wrong Play Button (10 Million Subscribers),United States,109686,12214
421,Entertainment,2016682,YouTube Sent Me The Wrong Play Button (10 Million Subscribers),Canada,109687,12214
422,Entertainment,2017331,Sen Anlat Karadeniz 19. B?lüm 2. Fragman?,France,33499,4548
423,Entertainment,2032868,Rex Tillerson Got Fired Via Twitter,Canada,21190,2250
424,Entertainment,2032868,Rex Tillerson Got Fired Via Twitter,France,21190,2250
425,Entertainment,2035115,Miley Cyrus on Smoking Pot & Liam Hemsworth Scaring Her,United States,28153,1423
426,Entertainment,2035996,SIDEMEN ANSWER THE MOST SEARCHED GOOGLE QUESTIONS,France,98223,4779
427,Entertainment,2048426,MY REVENGE  | MOVIES 2018 | LATEST NOLLYWOOD MOVIES 2018 | FAMILY MOVIES,Mexico,2804,201
428,Entertainment,2048788,Youtube's RIDICULOUS New Response To The Logan Paul Scandal Reveals a Huge Problem and More...,Canada,103017,13529
429,Entertainment,2048788,Youtube's RIDICULOUS New Response To The Logan Paul Scandal Reveals a Huge Problem and More...,France,103017,13529
430,Entertainment,2060653,EUGENIO DERBEZ EN EL OSCAR 2018 HACE CHISTE  QUE NADIE ENTENDIó.,Mexico,9146,1998
431,Entertainment,2061245,Sen Anlat Karadeniz 9. B?lüm 2. Fragman?,France,32358,3958
432,Entertainment,2067906,UGANDAN KNUCKLES LASAGNA  - Cooking Dead Memes,France,175627,30576
433,Entertainment,2067906,UGANDAN KNUCKLES LASAGNA  - Cooking Dead Memes,Japan,175627,30576
434,Entertainment,2070523,UGANDAN KNUCKLES LASAGNA  - Cooking Dead Memes,Mexico,175633,30576
435,Entertainment,2071373,#????_???? | ????? ???????,Canada,93577,18750
436,Entertainment,2072162,THE NUN - Official Teaser Trailer [HD],Canada,61958,6143
437,Entertainment,2072162,THE NUN - Official Teaser Trailer [HD],United States,61948,6143
438,Entertainment,2087032,Michelle Obama Talks with Birthday Girl Ellen About Post-White House Life,Canada,64032,5533
439,Entertainment,2087032,Michelle Obama Talks with Birthday Girl Ellen About Post-White House Life,France,64032,5541
440,Entertainment,2087032,Michelle Obama Talks with Birthday Girl Ellen About Post-White House Life,Mexico,64033,5541
441,Entertainment,2087032,Michelle Obama Talks with Birthday Girl Ellen About Post-White House Life,United States,64030,5540
442,Entertainment,2088474,Spill Your Guts or Fill Your Guts w/ Gordon Ramsay,France,72799,3294
443,Entertainment,2098624,Guardianship: Last Week Tonight with John Oliver (HBO),France,55043,4184
444,Entertainment,2098624,Guardianship: Last Week Tonight with John Oliver (HBO),Japan,55043,4184
445,Entertainment,2098624,Guardianship: Last Week Tonight with John Oliver (HBO),Mexico,55043,4184
446,Entertainment,2103720,Extremeley Satisfying Compilation( 99? will be satisfied ),France,13222,714
447,Entertainment,2112723,Sen Anlat Karadeniz 7. B?lüm 2. Fragman?,France,40504,5906
448,Entertainment,2116315,HTV VI? YêU MA? ?ê?N | Yêu l?i ng??i c? là s??l?a ch?n khó kh?n | VYMD #26 FULL | 8/3/2018,Canada,12401,2679
449,Entertainment,2124598,Touch Chesi Chudu Official TEASER | Ravi Teja | Raashi Khanna | JAM8 | #TCCDhamakaTeaser,Canada,57682,2874
450,Entertainment,2125277,Mark Zuckerberg's Cringe Safari Through Puerto Rico,Canada,163974,14538
451,Entertainment,2131702,WE MADE OUR MOM CRY...HER DREAM CAME TRUE!,France,54280,10705
452,Entertainment,2131702,WE MADE OUR MOM CRY...HER DREAM CAME TRUE!,Mexico,54280,10705
453,Entertainment,2134011,Gruffydd wows with OUT OF THIS WORLD vocals and bags a GOLDEN BUZZER! | Auditions | BGT 2018,France,33727,0
454,Entertainment,2158723,Fortnite T?nze in Real Life | Gong Bao,Canada,97815,4076
455,Entertainment,2158723,Fortnite T?nze in Real Life | Gong Bao,Mexico,97815,4076
456,Entertainment,2163321,YoungBoy Never Broke Again - Genie (Official Video),Canada,115004,8016
457,Entertainment,2193221,YOU LAUGH YOU FEEL PSYCHICAL PAIN {COPYSTRIKE EDITION},Canada,162172,16173
458,Entertainment,2193466,YOU LAUGH YOU FEEL PSYCHICAL PAIN {COPYSTRIKE EDITION},France,162174,16173
459,Entertainment,2193466,YOU LAUGH YOU FEEL PSYCHICAL PAIN {COPYSTRIKE EDITION},Mexico,162174,16173
460,Entertainment,2193778,Ashton Kutcher Shocks Ellen with Huge Donation,United States,59564,2926
461,Entertainment,2203207,Avengers: Infinity War Cast Reveals What They Stole from the Set,Canada,41213,3131
462,Entertainment,2212500,Eminem Goes Sneaker Shopping With Complex,France,107229,12903
463,Entertainment,2217638,Corporate Taxes: Last Week Tonight with John Oliver (HBO),Japan,50442,4199
464,Entertainment,2217638,Corporate Taxes: Last Week Tonight with John Oliver (HBO),Mexico,50443,4199
465,Entertainment,2219899,Sen Anlat Karadeniz 17. B?lüm Fragman?,France,38013,8769
466,Entertainment,2226278,Jennifer Lawrence Explains Her Drunk Alter Ego 'Gail',France,53833,1951
467,Entertainment,2243567,Sridevi: Jhanvi Kapoor CRIED BADLY after listening the tragic news from Karan Johar ! | FilmiBeat,Canada,6524,403
468,Entertainment,2247877,Deadpool Takes Over Stephen's Monologue,France,47931,2541
469,Entertainment,2247877,Deadpool Takes Over Stephen's Monologue,Mexico,47934,2541
470,Entertainment,2250464,MARVEL INFINITY WARS DISINTEGRATION MEME MAKES ME HAHA,France,157591,18989
471,Entertainment,2251352,MARVEL INFINITY WARS DISINTEGRATION MEME MAKES ME HAHA,Japan,157595,18989
472,Entertainment,2251352,MARVEL INFINITY WARS DISINTEGRATION MEME MAKES ME HAHA,Mexico,157595,18989
473,Entertainment,2278914,????? ??? ?????? HD | ????? ???? ????? - ?????? 24 - Episode 24 Nesr El Sa3ed,Canada,16949,1685
474,Entertainment,2280153,13 Reasons Why: Season 2 | Official Trailer [HD] | Netflix,Mexico,106561,10965
475,Entertainment,2288833,Night School - Official Trailer (HD),United States,18696,1721
476,Entertainment,2289723,[2017 MAMA in Hong Kong] BTS_INTRO Perf. + Not Today,Mexico,199787,10481
477,Entertainment,2300347,YOU INDIA YOU LOSE,Japan,218006,43771
478,Entertainment,2300347,YOU INDIA YOU LOSE,Mexico,218006,43771
479,Entertainment,2300457,????? ???? ????? ????? ????? ???????? ??????? ? ??????? (??) |  (Ayoub Series ( EP 24,Canada,17492,0
480,Entertainment,2300457,????? ???? ????? ????? ????? ???????? ??????? ? ??????? (??) |  (Ayoub Series ( EP 24,France,17492,0
481,Entertainment,2303616,SIDEMEN TOTAL WIPEOUT FOOTBALL CHALLENGE,France,111001,9914
482,Entertainment,2303616,SIDEMEN TOTAL WIPEOUT FOOTBALL CHALLENGE,Mexico,111008,9914
483,Entertainment,2307346,Tr?n Thành ?n T?i HàNG CH?C TRI?U ??NG Kh?ng Có Ti?n Tr??Ph?i M??n BB Tr?n Và H?i Tri?u,Canada,0,1766
484,Entertainment,2307700,Tr?n Thành ?n T?i HàNG CH?C TRI?U ??NG Kh?ng Có Ti?n Tr? Ph?i M??n BB Tr?n Và H?i Tri?u,Japan,0,1766
485,Entertainment,2311760,Trump Claims He Would Have 'Run' Into The School,United States,34425,9453
486,Entertainment,2316468,BOXING MY BRO,France,139773,19956
487,Entertainment,2326810,Inside Video: Anand Ahuja Fills Sonam Kapoor's Maang With Sindoor And Sonam Gives Him A Kiss Of Love,Canada,12848,1090
488,Entertainment,2337251,A Metal Waterfall,United States,53095,6810
489,Entertainment,2340941,ON VOUS DéVOILE NOTRE VRAI SALAIRE,Canada,200598,7575
490,Entertainment,2349080,Cu?c r??t ?u?i tình yêu ngo?n m?c c?a Karik | HTV VI? YêU MA? ?ê?N | VYMD #17 FULL | 4/1/2018,France,19259,4678
491,Entertainment,2367796,The FASTEST Grand Mac Meal Ever Eaten (under 1 Minute!!),France,81591,10880
492,Entertainment,2384983,Mixing All My Nail Powders Together (for sale if u keep it on the DL),Canada,125016,13874
493,Entertainment,2389562,Workers Thought They’d Found A Muddy Puppy  But They Cleaned It Off And Got The Cutest Surprise,Mexico,16154,2082
494,Entertainment,2390395,Stephen Goes Live After Trump's State Of The Union,United States,30286,10766
495,Entertainment,2390504,Stephen Goes Live After Trump's State Of The Union,France,30286,10766
496,Entertainment,2390504,Stephen Goes Live After Trump's State Of The Union,Mexico,30288,10766
497,Entertainment,2394403,Morning Joe Michael Wolff Cold Open - SNL,Mexico,22620,2377
498,Entertainment,2404042,How I Made My Millions! (and so can you) ???,Japan,169271,20262
499,Entertainment,2404042,How I Made My Millions! (and so can you) ???,Mexico,169272,20262
500,Entertainment,2404149,RiceGum - Christmas Song (Diss Track?),Canada,219556,26481
501,Entertainment,2405120,YANNY or LAUREL: What do you hear? (REACT),France,62240,29313
502,Entertainment,2405120,YANNY or LAUREL: What do you hear? (REACT),United States,62240,29313
503,Entertainment,2415722,Immigration Courts: Last Week Tonight with John Oliver (HBO),Japan,67535,9079
504,Entertainment,2415722,Immigration Courts: Last Week Tonight with John Oliver (HBO),Mexico,67536,9079
505,Entertainment,2415804,??????- FAKE LOVE (BTS - FAKE LOVE) │BTS COMEBACK SHOW 180524 180524,France,301328,16966
506,Entertainment,2418783,The Trump Presidency: Last Week Tonight with John Oliver (HBO),Mexico,97202,12711
507,Entertainment,2421966,Thách th?c danh hài 4 | t?p 13 full:  Ng??ng ngùng v?i bé gái lanh l?i ?òi h?n Tr?n Thành,Canada,10580,1633
508,Entertainment,2447039,SOMEONE STOP THIS MADMAN!,Japan,219023,26303
509,Entertainment,2447039,SOMEONE STOP THIS MADMAN!,Mexico,219023,26303
510,Entertainment,2458004,Kendall Jenner Doesn't Have Baby Fever,France,41107,1603
511,Entertainment,2458004,Kendall Jenner Doesn't Have Baby Fever,United Kingdom,41106,1603
512,Entertainment,2471538,????? ??? ??????  ?????? 2 ??????? HD | ????? ???? ????? -  Episode 02  Nesr El Sa3ed,France,24562,1877
513,Entertainment,2482695,Can You Girls Turn Me On?,Mexico,171777,11838
514,Entertainment,2489579,Thách th?c danh hài 4 |t?p 10 full: Tr??ng Giang ???m?t khi ???c fan ru?t ?m h?n trên san kh?u,France,12659,1746
515,Entertainment,2496054,BB Ki Vines- | Ask BB- Episode 4 |,Canada,213676,18458
516,Entertainment,2497813,Tee Grizzley - Jetski Grizzley (ft. Lil Pump) [Official Audio],France,37844,1938
517,Entertainment,2497813,Tee Grizzley - Jetski Grizzley (ft. Lil Pump) [Official Audio],Mexico,37844,1938
518,Entertainment,2507719,Sen Anlat Karadeniz 20. B?lüm Fragman?,France,38240,6924
519,Entertainment,2518743,Rehab: Last Week Tonight with John Oliver (HBO),Mexico,58742,5242
520,Entertainment,2520243,Tholi Prema Theatrical Trailer | Varun Tej | Raashi Khanna | Thaman S | Venky Atluri | #TholiPrema,Canada,73063,2781
521,Entertainment,2520381,Sen Anlat Karadeniz 18. B?lüm 2. Fragman?,France,47588,6625
522,Entertainment,2527011,Mamá es mucho más que mamá y merece estrenar un Amigo Kit,Mexico,5312,313
523,Entertainment,2531113,Stupid Watergate II: Last Week Tonight with John Oliver (HBO),Japan,61237,6300
524,Entertainment,2531113,Stupid Watergate II: Last Week Tonight with John Oliver (HBO),Mexico,61237,6300
525,Entertainment,2548661,Netta - TOY - Israel - Official Music Music - Eurovision 2018,United Kingdom,106461,15489
526,Entertainment,2549922,LOGAN PAULS SISTER WANTS TO DO YOUTUBE,Canada,217178,23420
527,Entertainment,2549922,LOGAN PAULS SISTER WANTS TO DO YOUTUBE,France,217178,23420
528,Entertainment,2549922,LOGAN PAULS SISTER WANTS TO DO YOUTUBE,Japan,217178,23420
529,Entertainment,2549922,LOGAN PAULS SISTER WANTS TO DO YOUTUBE,Mexico,217188,23426
530,Entertainment,2549961,Night School - Official Trailer #2 (HD),Canada,3124,201
531,Entertainment,2561575,Gandii Baat | Official Trailer | Web series | ALTBalaji | Streaming Now,Canada,19275,2592
532,Entertainment,2580817,Solo: A Star Wars Story Big Game TV Spot (:45),Canada,74720,14350
533,Entertainment,2580817,Solo: A Star Wars Story Big Game TV Spot (:45),France,74720,14350
534,Entertainment,2580817,Solo: A Star Wars Story Big Game TV Spot (:45),United Kingdom,74718,14342
535,Entertainment,2580817,Solo: A Star Wars Story Big Game TV Spot (:45),Mexico,74726,14350
536,Entertainment,2580817,Solo: A Star Wars Story Big Game TV Spot (:45),United States,74716,14342
537,Entertainment,2582669,Pilipinas Got Talent 2018 Grand Finals: Joven Olvido - Vape Tricks,Japan,41661,6192
538,Entertainment,2585193,RAMPAGE - OFFICIAL TRAILER 1 [HD],France,40779,8834
539,Entertainment,2585851,RAMPAGE - OFFICIAL TRAILER 1 [HD],Mexico,40781,8834
540,Entertainment,2589048,Iran Deal: Last Week Tonight with John Oliver (HBO),Japan,60332,6665
541,Entertainment,2589048,Iran Deal: Last Week Tonight with John Oliver (HBO),Mexico,60332,6665
542,Entertainment,2598328,Sen Anlat Karadeniz 16. B?lüm Fragman?,France,38445,4710
543,Entertainment,2602539,KSI VS JOE WELLER PRESS CONFERENCE/FACE OFF/WEIGH IN,Canada,140964,40305
544,Entertainment,2602539,KSI VS JOE WELLER PRESS CONFERENCE/FACE OFF/WEIGH IN,France,140965,40305
545,Entertainment,2618284,Khloe Kardashian Answers Ellen's Burning Questions,Canada,51303,1101
546,Entertainment,2618344,Verizon 360 Live: The Macy’s Thanksgiving Day Parade,United States,45197,3332
547,Entertainment,2638376,The Last Jedi Cast Answers the Web's Most Searched Questions | WIRED,France,68384,11110
548,Entertainment,2639145,When Celebrities Met Their Celeb Crush/Idol,Canada,40259,2026
549,Entertainment,2647997,Cardi B Knows What She's Naming Her First Child,France,68118,2130
550,Entertainment,2647998,Cardi B Knows What She's Naming Her First Child,Mexico,68120,2130
551,Entertainment,2656369,NERF Fortnite Battle Royale Challenge!,France,21775,3436
552,Entertainment,2664065,Abhishek Bachchan Lashes Out As Paparazzi Click Aishwarya Rai Bachchan In A Wrong Light,India,2351,883
553,Entertainment,2674711,Burger King | Whopper Neutrality,France,95359,15242
554,Entertainment,2678985,YOU LAUGH YOU SOY,United Kingdom,206913,23817
555,Entertainment,2701442,White House Tree Trimming Cold Open - SNL,United Kingdom,27542,4698
556,Entertainment,2706984,White House Tree Trimming Cold Open - SNL,Mexico,27544,4698
557,Entertainment,2707816,YOUTUBERS REACT TO YOUTUBE REWIND 2017,France,75664,21780
558,Entertainment,2707826,Where have we been?,France,250443,33373
559,Entertainment,2729289,Venezuela: Last Week Tonight with John Oliver (HBO),Mexico,62556,11052
560,Entertainment,2752835,????? ???? | ????? ?????? ?? ?????? ??????? ??? 14 | Kalabsh2 Episode 14,Canada,23973,2537
561,Entertainment,2752835,????? ???? | ????? ?????? ?? ?????? ??????? ??? 14 | Kalabsh2 Episode 14,France,23973,2537
562,Entertainment,2766261,Avicii - Wake Me Up,Japan,115472,17843
563,Entertainment,2796125,Logan Paul Says Even He Deserves a Second Chance | TMZ,France,58605,29725
564,Entertainment,2798497,White House Christmas Cold Open - SNL,Mexico,33819,6687
565,Entertainment,2800155,PUPPY KONG'S FIRST BLIND DATE!,France,177081,30796
566,Entertainment,2804625,PUPPY KONG'S FIRST BLIND DATE!,Mexico,177088,30796
567,Entertainment,2809311,????? ???????? ??????? ??????? ??????,Canada,0,5485
568,Entertainment,2812130,Tawag ng Tanghalan: Janine Berdin | Bamboo Medley (Final 3 Performance),Japan,38327,5799
569,Entertainment,2824423,The End of the F**king World | Official Trailer [HD] | Netflix,France,65817,6688
570,Entertainment,2824535,OUR NEW BACKYARD! **stunning**,France,169742,19146
571,Entertainment,2841864,Billionaire Bill Gates Guesses Grocery Store Prices,Mexico,55059,4420
572,Entertainment,2841864,Billionaire Bill Gates Guesses Grocery Store Prices,United States,55049,4420
573,Entertainment,2851466,#DespiertaAlZombie - Friendzone,Mexico,9295,1078
574,Entertainment,2856358,Mike Pence: Last Week Tonight with John Oliver (HBO),Mexico,98443,10324
575,Entertainment,2863166,????? ??????? ????? ????    ??? ?????  ?? ???? ???? the voice kids,France,28304,1821
576,Entertainment,2898194,Presidential Address Cold Open - SNL,Mexico,26493,3123
577,Entertainment,2898662,NRA TV: Last Week Tonight with John Oliver (HBO),Japan,97621,15153
578,Entertainment,2898662,NRA TV: Last Week Tonight with John Oliver (HBO),Mexico,97624,15153
579,Entertainment,2901230,The LEGO Movie 2: The Second Part C Official Teaser Trailer [HD],United States,59942,8886
580,Entertainment,2904844,Sen Anlat Karadeniz 18. B?lüm Fragman?,France,42610,6595
581,Entertainment,2931984,El Tecatito le pone Yaytsa a su entrenamiento.,Mexico,10463,558
582,Entertainment,2935778,Jimmy Kimmel on His Reaction to Fergie's National Anthem,United Kingdom,40408,2309
583,Entertainment,2950731,THE SPECTACULAR SPIDER-MAN (2019) Teaser Trailer #1 - Dylan O'Brien Multiverse Marvel Sony Concept,Canada,25037,5037
584,Entertainment,2956489,????? ???? | ????? ?????? ?? ?????? ??????? ??? 17 | Kalabsh2 Episode 17,France,23581,3167
585,Entertainment,2957935,Macaulay Culkin Won't Recreate His 'Home Alone' Face,United States,51854,4954
586,Entertainment,2966389,Tide | Super Bowl LII 2018 Commercial | It's a Tide Ad,France,63186,0
587,Entertainment,2969842,YOUTUBERS REACT TO WALMART YODEL BOY,France,68611,8975
588,Entertainment,2990802,????..???? ???? ????? ?????? ?? ????? ???? ?????? ??? ?????,France,23443,3420
589,Entertainment,3030716,U SLAV U LOSE,France,204978,38190
590,Entertainment,3049769,THE FINAL DECISION,France,236628,29402
591,Entertainment,3062990,直播回看??018中央电视台春节联欢晚??| 2018 CCTV Spring Festival Gala,Canada,12742,3300
592,Entertainment,3062990,直播回看??018中央电视台春节联欢晚??| 2018 CCTV Spring Festival Gala,France,12742,3300
593,Entertainment,3063915,Trump vs. The World: Last Week Tonight with John Oliver (HBO),Japan,113011,17183
594,Entertainment,3063915,Trump vs. The World: Last Week Tonight with John Oliver (HBO),Mexico,113011,17183
595,Entertainment,3068037,How a TV Works in Slow Motion - The Slow Mo Guys,France,206204,9535
596,Entertainment,3068037,How a TV Works in Slow Motion - The Slow Mo Guys,Mexico,206211,9535
597,Entertainment,3074263,Kelly Clarkson Carpool Karaoke,United Kingdom,96530,7415
598,Entertainment,3074263,Kelly Clarkson Carpool Karaoke,United States,96530,7415
599,Entertainment,3109832,HOTEL TRANSYLVANIA 3: SUMMER VACATION - Official Trailer (HD),France,21616,898
600,Entertainment,3111226,Avengers: Infinity War Trailer Tease,Canada,127079,18233
601,Entertainment,3111226,Avengers: Infinity War Trailer Tease,United Kingdom,127078,18233
602,Entertainment,3111226,Avengers: Infinity War Trailer Tease,India,127078,18233
603,Entertainment,3111226,Avengers: Infinity War Trailer Tease,Mexico,127082,18233
604,Entertainment,3141738,Thách th?c danh hài 4 |t?p 8 full: C?p ??i tu?i teen có tri?u ch?ng khi?n Tr?n Thành ph?n khích,Canada,11880,2480
605,Entertainment,3142665,Rudy Giuliani: Last Week Tonight with John Oliver (HBO),Japan,64618,4032
606,Entertainment,3142665,Rudy Giuliani: Last Week Tonight with John Oliver (HBO),Mexico,64620,4032
607,Entertainment,3162367,Hidden Meanings Behind Childish Gambino's 'This Is America' Video Explained,France,74545,8200
608,Entertainment,3162367,Hidden Meanings Behind Childish Gambino's 'This Is America' Video Explained,Japan,74545,8200
609,Entertainment,3189905,Oprah Winfrey Receives Cecil B. de Mille Award at the 2018 Golden Globes,France,71364,13583
610,Entertainment,3211941,[2017 MAMA in Hong Kong] BTS_INTRO Perf. + Not Today,United Kingdom,231095,12490
611,Entertainment,3221044,The Grinch - Official Trailer (HD),France,48369,9578
612,Entertainment,3233766,PRADA - JASS MANAK (Official Video) Satti Dhillon | Latest Punjabi Song 2018 | GK.DIGITAL | Geet MP3,Canada,279478,30637
613,Entertainment,3262856,All Bollywood SAD Reactions On Sridevi PASSING AWAY At A Young Age,France,6618,583
614,Entertainment,3289546,George W. Bush Returns Cold Open - SNL,Mexico,41790,9974
615,Entertainment,3304617,Carpool Karaoke w/ Adam Levine,France,100368,5472
616,Entertainment,3304617,Carpool Karaoke w/ Adam Levine,Mexico,100376,5472
617,Entertainment,3311448,Kendall Jenner Doesn't Have Baby Fever,United States,49237,1996
618,Entertainment,3313449,Italian Election: Last Week Tonight with John Oliver (HBO),France,99953,14327
619,Entertainment,3322130,Fifty Shades Freed - Mrs. Grey Will See You Now [HD],United Kingdom,35099,4030
620,Entertainment,3343797,AVENGERS INFINITY WAR Final Trailer (2018),France,37311,3894
621,Entertainment,3352430,この踊すく?消します,Japan,93820,11068
622,Entertainment,3358449,Johnny English Strikes Again - Official Trailer (HD) - Coming Soon,France,132796,9050
623,Entertainment,3364637,BLACKkKLANSMAN - Official Trailer [HD] - In Theaters August 10,France,21325,3947
624,Entertainment,3366920,直播回看：2018中央电视台春节联欢晚会（完整版） | 2018 CCTV Spring Festival Gala,Japan,15318,5362
625,Entertainment,3366920,直播回看??018中央电视台春节联欢晚会（完整版） | 2018 CCTV Spring Festival Gala,France,15318,5362
626,Entertainment,3368873,PHIM L?T M?T 2 FULL - (Phim Hành ??ng Hài T?t 2018) | Ly H?i Production,Japan,48003,5671
627,Entertainment,3376456,[SUPER JUNIOR - Lo Siento(Feat.KARD)] Comeback Stage | M COUNTDOWN 180412 EP.566,Canada,240158,21383
628,Entertainment,3388770,Halloween - Official Trailer (HD),France,73765,14088
629,Entertainment,3388770,Halloween - Official Trailer (HD),Japan,73772,14088
630,Entertainment,3417207,Extremeley Satisfying Compilation( 99? will be satisfied ),Japan,19322,1142
631,Entertainment,3430752,W.O.W! First Ever Magician To Show Real MAGIC Gets GOLDEN BUZZER!| Britain′s Got Talent 2018,Mexico,110658,6106
632,Entertainment,3450826,The Greatest Meme of all time...,Canada,280803,42296
633,Entertainment,3450826,The Greatest Meme of all time...,France,280803,42296
634,Entertainment,3450826,The Greatest Meme of all time...,Mexico,280812,42296
635,Entertainment,3450858,Chi Pu | ?óA HOA H?NG (QUEEN) - Official M/V Dance Version,Japan,164540,47346
636,Entertainment,3461583,KSI VS BIG SHAQ ft Asznee,France,227851,13624
637,Entertainment,3473633,The Ending Of Avengers Infinity War Explained,France,42417,9832
638,Entertainment,3508880,Royal Wedding - SNL,Mexico,39366,4705
639,Entertainment,3534066,Wendy Williams Faints On Live TV,United Kingdom,17362,9793
640,Entertainment,3546290,Bohemian Rhapsody: The Movie - Official Teaser Trailer  (HD),Japan,154564,10574
641,Entertainment,3563460,Longest Snake On Earth Eats A Deer Whole | Wildest Islands Of Indonesia,Canada,23228,4584
642,Entertainment,3594356,KSI VS JOE WELLER FULL FIGHT,France,168251,28258
643,Entertainment,3613166,Rishta (Dastaan E Dhokha) Part-3 *Amit Bhadana*,Canada,383801,36092
644,Entertainment,3613801,The Secret Friend - Amit Bhadana,Canada,357998,47277
645,Entertainment,3620658,Badla ( Dastaan-E-Dhokha ) Part 2 - Amit Bhadana,Canada,292416,34252
646,Entertainment,3621389,P!nk Carpool Karaoke,Canada,141682,8127
647,Entertainment,3621389,P!nk Carpool Karaoke,France,141682,8127
648,Entertainment,3621389,P!nk Carpool Karaoke,United Kingdom,141681,8127
649,Entertainment,3621389,P!nk Carpool Karaoke,Mexico,141683,8127
650,Entertainment,3621389,P!nk Carpool Karaoke,United States,141681,8127
651,Entertainment,3626458,James Corden Explains His Resting Royal Wedding Face,Japan,63614,1972
652,Entertainment,3658036,????? ???? ?? ???? ???? ???? ???????? ??? ?????? ?? ????? ! ???? ???? ??? !,Canada,123137,7631
653,Entertainment,3659735,Pilipinas Got Talent 2018 Auditions: Joven Olvido - Vape Tricks,Canada,31067,4676
654,Entertainment,3674199,YOU LAUGH YOU ABSOLUTE WUT,Canada,346714,27218
655,Entertainment,3679641,MARION - DEKAT DI HATI (RAN) - SHOWCASE 2 - Indonesian Idol 2018,Canada,50404,12678
656,Entertainment,3687110,Jimmy Kimmel's Oscars Monologue 2018,United States,44409,6365
657,Entertainment,3696718,Agnyaathavaasi Theatrical Trailer | Pawan Kalyan | Trivikram | Anirudh,France,240637,13517
658,Entertainment,3711276,???? Music Bank - What is Love? - TWICE(????).20180413,Japan,142224,0
659,Entertainment,3724986,Watch This Secret Video Before NASA Deletes It...,Canada,14316,2515
660,Entertainment,3757298,REACTING TO THE KSI WELLER FIGHT,Mexico,293355,31010
661,Entertainment,3765990,The Poop In My Pants | Rick and Morty | Adult Swim,France,117001,14779
662,Entertainment,3770017,The Greatest Meme of all time... [LOSS],Canada,294566,43425
663,Entertainment,3777206,Real life FORTNITE for DINNER! Kluna Tik Dinner | ASMR eating sounds La vida real Echtes Leben,Japan,32046,3322
664,Entertainment,3789495,Jack and Tim receive GOLDEN BUZZER from Simon Cowell! | Auditions | BGT 2018,France,93413,0
665,Entertainment,3854712,Bhuvan Bam- Safar | Official Music Video |,Canada,524135,55735
666,Entertainment,3857186,TOKIO 松 キレすぎてて本当にヤバイ 「山口_也は??」,Japan,0,7546
667,Entertainment,3922267,?????? ??????? ?? ????? ???? ? - Kalabsh 2 - episode 2,Canada,38384,3153
668,Entertainment,3935393,Bhaagamathie Telugu Trailer | Anushka Shetty | Unni Mukundan | Thaman S | #BhaagamathieTrailer,Canada,92768,4002
669,Entertainment,3957090,Zero | Title Announcement | Shah Rukh Khan | Aanand L Rai | Anushka Sharma | Katrina Kaif | 21 Dec18,France,141817,14900
670,Entertainment,3971855,Loira fica seminua na hora do trabalho e arranja briga com a clientela do restaurante,France,15704,1312
671,Entertainment,3972529,Loira fica seminua na hora do trabalho e arranja briga com a clientela do restaurante,Mexico,15704,1312
672,Entertainment,3996062,Mortal Engines Official Trailer [HD],Canada,18338,2045
673,Entertainment,4001349,Sen Anlat Karadeniz 6. B?lüm,France,39818,5360
674,Entertainment,4031060,[EXID(??????)] ???(LADY) ?? ??? (Official Music Video),Japan,440730,32068
675,Entertainment,4066516,Desi Karnama Part-2 ( Amit Bhadana & BeYouNick ),Canada,248635,25063
676,Entertainment,4108713,RESPUESTA  A LUNA BELLA,Mexico,287508,71434
677,Entertainment,4122896,MANIFEST | Official Trailer | NBC Fall Shows 2018,United States,10580,1092
678,Entertainment,4215418,Sidemen FC vs YouTube Allstars Charity Match Livestream,Canada,119122,3542
679,Entertainment,4215418,Sidemen FC vs YouTube Allstars Charity Match Livestream,France,119122,3542
680,Entertainment,4215418,Sidemen FC vs YouTube Allstars Charity Match Livestream,Mexico,119122,3542
681,Entertainment,4274144,Emotional Virat Kohli CRIES In Front Of Anushka Sharma Night Before Wedding. Watch What Anushka Does,Canada,29062,1476
682,Entertainment,4386869,[SHINee ?? ??] '?????? ??????? ??…??? ???????????? (???? JONGHYUN),France,75796,10916
683,Entertainment,4403684,Michael Cohen Wiretap Cold Open - SNL,Mexico,49326,6586
684,Entertainment,4477587,THE LOGANG MADE HISTORY. LOL. AGAIN.,France,292838,36391
685,Entertainment,4477587,THE LOGANG MADE HISTORY. LOL. AGAIN.,Mexico,292841,36391
686,Entertainment,4495754,Deadpool Takes Over Stephen's Monologue,Japan,95868,5082
687,Entertainment,4523214,Are we ready to get married?,France,379799,46295
688,Entertainment,4565702,Things Meghan Markle Can't Do After She Marries Prince Harry,France,32381,5039
689,Entertainment,4575521,R.I.P Arya,Mexico,295655,83065
690,Entertainment,4654366,Rangasthalam Latest Teaser | Introducing Samantha as Rama Lakshmi | Ram Charan | Aadhi | DSP,Canada,107690,3501
691,Entertainment,4722974,Spill Your Guts or Fill Your Guts w/ Kim Kardashian,Mexico,119117,6651
692,Entertainment,4736045,How To Do Cucumber And Condom Case Facial Easy Face Mask At Home To Get Clear Glowing Skincare,Mexico,0,0
693,Entertainment,4761311,Marvel Studios' Ant-Man and the Wasp - Official Trailer,France,208948,18995
694,Entertainment,4779124,Workers Thought They’d Found A Muddy Puppy  But They Cleaned It Off And Got The Cutest Surprise,Japan,32306,4164
695,Entertainment,4821151,1921 - Official Trailer | Vikram Bhatt | Karan Kundrra | Zareen Khan,Canada,53095,4920
696,Entertainment,4831608,????? - FAKE LOVE (BTS - FAKE LOVE) │BTS COMEBACK SHOW 180524 180524,Japan,602656,33932
697,Entertainment,4837355,SIDEMEN FC VS YOUTUBE ALLSTARS 2018 (Goals & Highlights),France,140149,16939
698,Entertainment,4846334,WRECK IT RALPH 2 Trailer 2 (2018),Japan,73998,12074
699,Entertainment,4885887,Cardi B Showed Ellen How She Got Pregnant,Japan,158270,5729
700,Entertainment,5021278,School Ke Wo Din - Amit Bhadana,Canada,502037,66854
701,Entertainment,5021728,RIP LIL TAY,France,370063,49744
702,Entertainment,5021728,RIP LIL TAY,Mexico,370074,49744
703,Entertainment,5037486,Rehab: Last Week Tonight with John Oliver (HBO),Japan,117484,10484
704,Entertainment,5072080,OCEAN'S 8 - Official Main Trailer,France,24495,5614
705,Entertainment,5072080,OCEAN'S 8 - Official Main Trailer,Japan,24495,5614
706,Entertainment,5236508,Así fue el épico capítulo final 131 de DBS | Reacción grupal en México | WeroKing,Japan,94722,14714
707,Entertainment,5440275,Shawn Mendes Carpool Karaoke -- #LateLateShawn,Mexico,424798,23083
708,Entertainment,5489650,Aha Naa Pellanta | Ugadi Special Event | 18th  March 2018| Full Episode | ETV Telugu,Canada,44488,7281
709,Entertainment,5538389,CURB YOUR MEME,Mexico,374784,46339
710,Entertainment,5541767,The 'Stranger Things' Kids Were Nearly a Motown Super Group,Canada,263919,10706
711,Entertainment,5563479,Solo: A Star Wars Story Official Teaser,Mexico,130771,28522
712,Entertainment,5586916,LOGAN PAUL - WHY 2017 WAS THE BEST YEAR OF MY LIFE.,France,667566,75793
713,Entertainment,5617319,Beyonc Epic Coachella Opening - Crazy in Love,United Kingdom,44326,4458
714,Entertainment,5683728,Billionaire Bill Gates Guesses Grocery Store Prices,Japan,110116,8840
715,Entertainment,5690136,EMOTIONAL Arjun Kapoor Finally Breaks Down In Front Of Media Outside Sridevi's House,Canada,11332,1340
716,Entertainment,5712716,Mike Pence: Last Week Tonight with John Oliver (HBO),Japan,196884,20648
717,Entertainment,5829270,Courtney Hadwin: 13-Year-Old Golden Buzzer Winning Performance - America's Got Talent 2018,France,87330,11933
718,Entertainment,5829270,Courtney Hadwin: 13-Year-Old Golden Buzzer Winning Performance - America's Got Talent 2018,United States,87323,11933
719,Entertainment,5999690,18 DE ABRIL 2018 ?QUE VA A SUCEDER?,Canada,75259,32383
720,Entertainment,6067166,Pilipinas Got Talent 2018 Semifinals: Joven Olvido - Vape Tricks,Japan,171320,24116
721,Entertainment,6125980,直播回看：2018中央电视台春节联欢晚会 | 2018 CCTV Spring Festival Gala,Japan,25487,6600
722,Entertainment,6199950,Pant Mein Gun | Sonakshi Sinha | Diljit Dosanjh | Welcome To New York | 23rd Feb,Canada,8304,402
723,Entertainment,6561784,BB Ki Vines- | Alvida Dost |,Canada,572003,57839
724,Entertainment,6675701,Netta - Toy - Israel - LIVE - Grand Final - Eurovision 2018,Mexico,60020,38097
725,Entertainment,6747924,THE DAY I SHOULD HAVE DIED... (Skydiving Accident),United Kingdom,379386,70015
726,Entertainment,7691902,Logan Paul - SANTA DISS TRACK (Official Music Video),France,761858,135159
727,Entertainment,7823823,Fantastic Beasts: The Crimes of Grindelwald - Official Teaser Trailer,Mexico,189088,16829
728,Entertainment,8958510,?????????? ?????? | ? ???? ???? ?????? | oka night please | best telugu short film,Mexico,6893,1070
729,Entertainment,8958510,?????????? ?????? | ?????? ???? ?????? | oka night please | best telugu short film,Canada,6892,1070
730,Entertainment,8958510,?????????? ?????? | ?????? ???? ?????? | oka night please | best telugu short film,France,6892,1070
731,Entertainment,10043456,RIP LIL TAY,Japan,740148,99488
732,Entertainment,10236562,THE BEST LIKE A BOSS COMPILATION ??? AMAZING 10 MINUTES ???,Mexico,66097,2588
733,Entertainment,10236562,THE BEST LIKE A BOSS COMPILATION ?????? AMAZING 10 MINUTES ??????,Canada,66095,2588
734,Entertainment,10236562,THE BEST LIKE A BOSS COMPILATION ?????? AMAZING 10 MINUTES ??????,France,66095,2588
735,Entertainment,10309281,Arjun Kapoor's SHOCKING Refusal To Comment On Sridevi PASSING AWAY,Canada,35287,4990
736,Entertainment,10309281,Arjun Kapoor's SHOCKING Refusal To Comment On Sridevi PASSING AWAY,France,35287,4990
737,Entertainment,10655105,Video from my phone part second New Watsapp Status,Canada,15417,1406
738,Entertainment,10655105,Video from my phone part second New Watsapp Status,France,15417,1406
739,Entertainment,11198476,VENOM - Official Teaser Trailer (HD),Japan,257450,41776
740,Entertainment,11770034,SPIDER-MAN: INTO THE SPIDER-VERSE - Official Trailer (HD),Japan,446860,48622
741,Entertainment,12118553,???? ??????? ?????? ???? ??????? ???????? ?? ?????? ?????? Dame Tu Cosita,France,50708,3075
742,Entertainment,12123853,EMOTIONAL Deepika Padukone Breaks Down Seeing Sridevi's Condition After PASSING AWAY,Canada,18438,1209
743,Entertainment,13080984,MOWGLI - Official 1st Trailer,Japan,117092,21686
744,Entertainment,13809100,HOW TO TRAIN YOUR DRAGON 3 Trailer (2019),Japan,407650,47512
745,Entertainment,14318612,Race 3 | Official Trailer | Salman Khan | Remo Dsouza | Releasing on 15th June 2018 | #Race3ThisEID,Japan,571892,94550
746,Entertainment,14616046,The Kissing Booth | Official Trailer [HD] | Netflix,United Kingdom,288820,11580
747,Entertainment,15066347,KSI vs Joe Weller C Copper Box Arena February 3rd 2018,Mexico,404982,33366
748,Entertainment,18639195,Sanju | Official Teaser | Ranbir Kapoor | Rajkumar Hirani,Japan,511791,32435
749,Entertainment,21739537,Sanju | Official Trailer | Ranbir Kapoor | Rajkumar Hirani | Releasing on 29th June,France,549875,41068
750,Entertainment,34448035,Alexa Loses Her Voice C Amazon Super Bowl LII Commercial,Mexico,100710,6986
751,Entertainment,51632284,Marvel Studios’ Avengers: Infinity War - Big Game Spot,Japan,1160336,107452
